{"epoch": 61, "g_loss": 9674.193359375, "d_loss": 1.0550330443948042e-05, "val_rmse": 90.15671133995056, "val_rmse_unprecise": 93.58820221640848, "_timestamp": 1745821483.750005, "_runtime": 4503.589821100235, "_step": 74, "Generated Image": {"caption": "Fake Image", "_type": "image-file", "sha256": "bb19b6d82eb137a83074539c4a2382df68e0eb3f31506e94daf86683610db303", "size": 84, "path": "media/images/Generated Image_73_bb19b6d82eb137a83074.png", "format": "png", "width": 36, "height": 36}, "best_val_rmse": 43.317949175834656, "_wandb": {"runtime": 4503}}