{"epoch": 53, "g_loss": 7400.2802734375, "d_loss": 9.83174868451897e-06, "val_rmse": 83.54824233055115, "val_rmse_unprecise": 82.59201649752531, "_timestamp": 1745802626.638192, "_runtime": 3748.659504890442, "_step": 64, "Generated Image": {"caption": "Fake Image", "_type": "image-file", "sha256": "bb19b6d82eb137a83074539c4a2382df68e0eb3f31506e94daf86683610db303", "size": 84, "path": "media/images/Generated Image_61_bb19b6d82eb137a83074.png", "format": "png", "width": 36, "height": 36}, "best_val_rmse": 46.745102524757385, "_wandb": {"runtime": 3749}}