{"epoch": 40, "g_loss": 7976.7080078125, "d_loss": 1.1002599421772175e-05, "val_rmse": 99.88673138618469, "val_rmse_unprecise": 97.26254119873047, "_timestamp": 1745808337.8146818, "_runtime": 2947.142212867737, "_step": 49, "Generated Image": {"caption": "Fake Image", "_type": "image-file", "sha256": "bb19b6d82eb137a83074539c4a2382df68e0eb3f31506e94daf86683610db303", "size": 84, "path": "media/images/Generated Image_49_bb19b6d82eb137a83074.png", "format": "png", "width": 36, "height": 36}, "best_val_rmse": 62.257606983184814, "_wandb": {"runtime": 2947}}