{"epoch": 55, "g_loss": 6647.65869140625, "d_loss": 1.5806517694727518e-07, "val_rmse": 81.48202753067017, "val_rmse_unprecise": 78.96464552445845, "_timestamp": 1745779257.100209, "_runtime": 3989.415734052658, "_step": 67, "Generated Image": {"caption": "Fake Image", "_type": "image-file", "sha256": "bb19b6d82eb137a83074539c4a2382df68e0eb3f31506e94daf86683610db303", "size": 84, "path": "media/images/Generated Image_67_bb19b6d82eb137a83074.png", "format": "png", "width": 36, "height": 36}, "best_val_rmse": 44.04285979270935, "_wandb": {"runtime": 3989}}