{"epoch": 71, "g_loss": 5049.296875, "d_loss": 5.763483272858139e-07, "val_rmse": 74.64421105384827, "val_rmse_unprecise": 63.1361893046986, "_timestamp": 1745798857.8005438, "_runtime": 4984.556101799011, "_step": 86, "Generated Image": {"caption": "Fake Image", "_type": "image-file", "sha256": "bb19b6d82eb137a83074539c4a2382df68e0eb3f31506e94daf86683610db303", "size": 84, "path": "media/images/Generated Image_85_bb19b6d82eb137a83074.png", "format": "png", "width": 36, "height": 36}, "best_val_rmse": 33.69567394256592, "_wandb": {"runtime": 4984}}