{"epoch": 49, "g_loss": 7278.3466796875, "d_loss": 1.7105998267652467e-05, "val_rmse": 86.40238785743713, "val_rmse_unprecise": 80.44733210476961, "_timestamp": 1745782803.3340974, "_runtime": 3509.437316417694, "_step": 59, "Generated Image": {"caption": "Fake Image", "_type": "image-file", "sha256": "bb19b6d82eb137a83074539c4a2382df68e0eb3f31506e94daf86683610db303", "size": 84, "path": "media/images/Generated Image_55_bb19b6d82eb137a83074.png", "format": "png", "width": 36, "height": 36}, "best_val_rmse": 50.370574712753296, "_wandb": {"runtime": 3509}}