{"epoch": 60, "g_loss": 4700.36376953125, "d_loss": 1.6401751281591714e-06, "val_rmse": 70.21866607666016, "val_rmse_unprecise": 62.508078731190075, "_timestamp": 1745787068.092318, "_runtime": 4242.283952951431, "_step": 73, "Generated Image": {"caption": "Fake Image", "_type": "image-file", "sha256": "bb19b6d82eb137a83074539c4a2382df68e0eb3f31506e94daf86683610db303", "size": 84, "path": "media/images/Generated Image_73_bb19b6d82eb137a83074.png", "format": "png", "width": 36, "height": 36}, "best_val_rmse": 36.04440474510193, "_wandb": {"runtime": 4242}}