{"epoch": 1, "g_loss": 155195.765625, "d_loss": 7.382249896181747e-05, "val_rmse": 389.28072929382324, "val_rmse_unprecise": 456.1824551669034, "_timestamp": 1745775198.3810804, "_runtime": 210.16702127456665, "_step": 2, "Generated Image": {"caption": "Fake Image", "_type": "image-file", "sha256": "95ff888cc3cce8c95ff22d8735f22f1f53bf30bada3b8f2b12edce9c9380c945", "size": 1238, "path": "media/images/Generated Image_1_95ff888cc3cce8c95ff2.png", "format": "png", "width": 36, "height": 36}, "best_val_rmse": 389.28072929382324}