{"epoch": 51, "g_loss": 12605.6025390625, "d_loss": 4.772483862325316e-06, "val_rmse": 97.52851557731628, "val_rmse_unprecise": 111.44837962063876, "_timestamp": 1745825261.7607532, "_runtime": 3757.1261150836945, "_step": 62, "Generated Image": {"caption": "Fake Image", "_type": "image-file", "sha256": "bb19b6d82eb137a83074539c4a2382df68e0eb3f31506e94daf86683610db303", "size": 84, "path": "media/images/Generated Image_61_bb19b6d82eb137a83074.png", "format": "png", "width": 36, "height": 36}, "best_val_rmse": 46.324848771095276, "_wandb": {"runtime": 3757}}