{"epoch": 38, "g_loss": 10570.15625, "d_loss": 6.343880158965476e-07, "val_rmse": 96.94735741615295, "val_rmse_unprecise": 100.83382571827282, "_timestamp": 1745805369.046546, "_runtime": 2717.6227169036865, "_step": 46, "Generated Image": {"caption": "Fake Image", "_type": "image-file", "sha256": "bb19b6d82eb137a83074539c4a2382df68e0eb3f31506e94daf86683610db303", "size": 84, "path": "media/images/Generated Image_43_bb19b6d82eb137a83074.png", "format": "png", "width": 36, "height": 36}, "best_val_rmse": 69.86887288093567, "_wandb": {"runtime": 2717}}