{"epoch": 7, "g_loss": 62857.8984375, "d_loss": 3.0300618163892068e-05, "val_rmse": 244.22447681427002, "val_rmse_unprecise": NaN, "_timestamp": 1745774011.1615913, "_runtime": 679.9697391986847, "_step": 9, "Generated Image": {"caption": "Fake Image", "_type": "image-file", "sha256": "bb19b6d82eb137a83074539c4a2382df68e0eb3f31506e94daf86683610db303", "size": 84, "path": "media/images/Generated Image_7_bb19b6d82eb137a83074.png", "format": "png", "width": 36, "height": 36}, "best_val_rmse": 244.22447681427002}