{"epoch": 47, "g_loss": 14519.7294921875, "d_loss": 9.604548267816426e-07, "val_rmse": 132.76696705818176, "val_rmse_unprecise": 142.85651148015802, "_timestamp": 1745790428.268926, "_runtime": 3334.7447078227997, "_step": 57, "Generated Image": {"caption": "Fake Image", "_type": "image-file", "sha256": "bb19b6d82eb137a83074539c4a2382df68e0eb3f31506e94daf86683610db303", "size": 84, "path": "media/images/Generated Image_55_bb19b6d82eb137a83074.png", "format": "png", "width": 36, "height": 36}, "best_val_rmse": 69.21776497364044, "_wandb": {"runtime": 3335}}