{"epoch": 1, "g_loss": 202393.40625, "d_loss": 1.529258042864967e-05, "val_rmse": 457.7743310928345, "val_rmse_unprecise": NaN, "_timestamp": 1745773267.1946485, "_runtime": 332.5617334842682, "_step": 2, "Generated Image": {"caption": "Fake Image", "_type": "image-file", "sha256": "44df95af4b69b646671d4a8b96f627c9a9ccd1ae64eef87c72cb8a38a1c0f1e6", "size": 1191, "path": "media/images/Generated Image_1_44df95af4b69b646671d.png", "format": "png", "width": 36, "height": 36}, "best_val_rmse": 457.7743310928345}