{"epoch": 48, "g_loss": 8457.5, "d_loss": 3.5820365155814216e-05, "val_rmse": 91.46736574172974, "val_rmse_unprecise": 87.50921419317072, "_timestamp": 1745793852.6938255, "_runtime": 3404.466742515564, "_step": 58, "Generated Image": {"caption": "Fake Image", "_type": "image-file", "sha256": "bb19b6d82eb137a83074539c4a2382df68e0eb3f31506e94daf86683610db303", "size": 84, "path": "media/images/Generated Image_55_bb19b6d82eb137a83074.png", "format": "png", "width": 36, "height": 36}, "best_val_rmse": 60.68894815444946, "_wandb": {"runtime": 3405}}