{"epoch": 55, "g_loss": 7103.35888671875, "d_loss": 7.498874765587971e-06, "val_rmse": 91.92796778678894, "val_rmse_unprecise": 92.84129416725852, "_timestamp": 1745829272.3373206, "_runtime": 3985.824324607849, "_step": 67, "Generated Image": {"caption": "Fake Image", "_type": "image-file", "sha256": "bb19b6d82eb137a83074539c4a2382df68e0eb3f31506e94daf86683610db303", "size": 84, "path": "media/images/Generated Image_67_bb19b6d82eb137a83074.png", "format": "png", "width": 36, "height": 36}, "best_val_rmse": 46.548198223114014, "_wandb": {"runtime": 3986}}