{"epoch": 65, "g_loss": 6561.08544921875, "d_loss": 1.4845937585050706e-05, "val_rmse": 82.78622817993164, "val_rmse_unprecise": 78.82916953346945, "_timestamp": 1745816953.1367235, "_runtime": 4774.449342489243, "_step": 79, "Generated Image": {"caption": "Fake Image", "_type": "image-file", "sha256": "bb19b6d82eb137a83074539c4a2382df68e0eb3f31506e94daf86683610db303", "size": 84, "path": "media/images/Generated Image_79_bb19b6d82eb137a83074.png", "format": "png", "width": 36, "height": 36}, "best_val_rmse": 41.05105638504028, "_wandb": {"runtime": 4774}}