{"epoch": 52, "g_loss": 9187.998046875, "d_loss": 2.250258876301814e-05, "val_rmse": 96.87780499458313, "val_rmse_unprecise": 106.6862964630127, "_timestamp": 1745812154.0302117, "_runtime": 3791.202102661133, "_step": 63, "Generated Image": {"caption": "Fake Image", "_type": "image-file", "sha256": "bb19b6d82eb137a83074539c4a2382df68e0eb3f31506e94daf86683610db303", "size": 84, "path": "media/images/Generated Image_61_bb19b6d82eb137a83074.png", "format": "png", "width": 36, "height": 36}, "best_val_rmse": 52.64282190799713, "_wandb": {"runtime": 3792}}