{"epoch": 1, "g_loss": 344282.09375, "d_loss": 2.0961349946446717e-05, "val_rmse": 573.6634674072266, "val_rmse_unprecise": NaN, "_timestamp": 1745430651.1309893, "_runtime": 12017.72087430954, "_step": 2, "Generated Image": {"caption": "Fake Image", "_type": "image-file", "sha256": "8fb827b9268522959a28c41507b433de4d6cbcbef660885a1790c5810e0f79cf", "size": 1217, "path": "media/images/Generated Image_1_8fb827b9268522959a28.png", "format": "png", "width": 36, "height": 36}, "best_val_rmse": 573.6634674072266}